,precision,recall,f1-score,support
0,0.9389030974708724,0.929395218002813,0.9341249646593158,7110.0
1,0.8305199189736664,0.8512110726643599,0.8407382091592618,2890.0
accuracy,0.9068,0.9068,0.9068,0.9068
macro avg,0.8847115082222694,0.8903031453335865,0.8874315869092888,10000.0
weighted avg,0.9075803588851798,0.9068,0.9071361923198002,10000.0
